{"cameraMode":{"drawMode":0,"name":"Shaded","section":"Shading Mode"},"sceneLighting":true,"audioPlay":false,"sceneViewState":{"showFog":true,"showMaterialUpdate":false,"showSkybox":true,"showFlares":true,"showImageEffects":true,"showParticleSystems":true,"showVisualEffectGraphs":true,"m_FxEnabled":true},"in2DMode":false,"pivot":{"x":0.0030255774036049844,"y":7.074298858642578,"z":-20.514501571655275},"rotation":{"x":-0.16454097628593446,"y":0.013907878659665585,"z":-0.0023082459811121227,"w":-0.9862719774246216},"size":0.8660253882408142,"orthographic":false}